datetime,AMZN,GOOG,GS,MS
2012-07-23,226.009995,307.448087,87.445455,11.840134
2012-07-24,223.039993,303.482052,88.675096,11.821399
2012-07-25,217.050003,303.691825,90.073695,12.139884
2012-07-26,220.009995,306.374161,92.044877,12.177352
2012-07-27,237.320007,317.163394,95.405277,12.685134
2012-07-30,236.089996,315.834711,94.691895,12.703941
2012-07-31,233.300003,316.169369,94.710672,12.844991
2012-08-01,232.089996,316.024532,93.950353,12.703941
2012-08-02,230.809998,314.061482,91.810212,12.252579
2012-08-03,234.970001,320.345207,94.785766,12.957831
2012-08-06,233.990005,321.089464,95.761965,13.296353
2012-08-07,236.559998,319.950602,96.90713,13.634874
2012-08-08,234.380005,320.794742,96.212524,13.700697
2012-08-09,234.059998,320.85469,97.245048,13.832344
2012-08-10,232.75,320.679864,96.700624,13.73831
2012-08-13,232.440002,329.675885,97.254436,13.681891
2012-08-14,233.190002,333.996591,96.925907,13.531437
2012-08-15,237.419998,333.437136,96.803877,13.7101
2012-08-16,241.550003,336.09949,97.141795,13.719504
2012-08-17,241.169998,338.232347,97.245048,13.719504
2012-08-20,240.350006,337.433161,98.821995,13.945184
2012-08-21,239.449997,334.421155,98.859542,14.001605
2012-08-22,243.100006,338.25233,98.249412,13.973394
2012-08-23,241.199997,338.062509,97.695607,13.634874
2012-08-24,245.740005,338.976604,98.521624,13.691294
2012-08-27,243.919998,334.276288,98.671813,13.663083
2012-08-28,246.110001,338.287307,99.020641,13.728908
2012-08-29,247.119995,343.661926,99.492033,13.926378
2012-08-30,246.220001,340.500096,98.72838,14.011008
2012-08-31,248.270004,342.203371,99.671165,14.105042
2012-09-04,247.880005,340.180403,100.321688,14.584613
2012-09-05,246.220001,340.020572,103.649716,14.74447
2012-09-06,251.380005,349.35125,107.043738,15.280462
2012-09-07,259.140015,352.722883,109.674107,16.060941
2012-09-10,257.089996,350.035559,108.118512,15.618983
2012-09-11,255.669998,345.74983,110.01351,16.220798
2012-09-12,255.630005,345.095511,111.474822,16.380655
2012-09-13,260.23999,352.667923,113.765788,16.832016
2012-09-14,261.269989,354.486137,114.416312,17.15173
2012-09-17,258.0,354.635961,113.039847,16.737982
2012-09-18,258.75,358.781841,113.020988,16.578125
2012-09-19,261.679993,363.387232,112.210192,16.521705
2012-09-20,260.809998,363.696918,110.899723,16.183184
2012-09-21,257.470001,366.628993,110.041793,16.060941
2012-09-24,254.800003,374.316314,109.928656,16.023328
2012-09-25,252.460007,374.206424,107.006026,15.60958
2012-09-26,249.669998,376.354307,106.610058,15.449723
2012-09-27,256.589996,377.87278,108.637046,15.83526
2012-09-28,254.320007,376.873766,107.175727,15.741226
2012-10-01,252.009995,380.510132,110.173782,15.788244
2012-10-02,250.600006,378.11753,110.541467,15.901083
2012-10-03,255.919998,380.869791,111.163708,16.013925
2012-10-04,260.470001,383.642004,113.039847,16.427671
2012-10-05,258.51001,383.442207,112.483601,16.455882
2012-10-08,259.059998,378.542094,112.62502,16.408866
2012-10-09,250.960007,371.673973,112.785291,16.314832
2012-10-10,244.990005,371.908717,113.209549,16.361848
2012-10-11,244.220001,375.365269,115.010263,16.794403
2012-10-12,242.360001,372.003642,113.322678,16.277218
2012-10-15,244.179993,370.120523,117.376654,16.690966
2012-10-16,243.940002,371.978672,116.169891,16.803807
2012-10-17,247.490005,377.368285,117.772622,17.386814
2012-10-18,244.850006,347.153456,117.989465,16.72858
2012-10-19,240.0,340.555025,116.547006,16.484093
2012-10-22,233.779999,338.996587,115.745634,16.408866
2012-10-23,234.309998,339.835739,112.19134,16.089151
2012-10-24,228.490005,338.312278,112.917281,16.154975
2012-10-25,222.919998,338.542034,112.870146,16.079748
2012-10-26,238.240005,337.238352,112.606167,16.023328
2012-10-31,232.889999,339.810768,115.387378,16.391137
2012-11-01,232.139999,343.452123,117.706627,16.608052
2012-11-02,232.419998,343.616973,116.198173,16.76838
2012-11-05,234.330002,341.139451,116.980686,16.740086
2012-11-06,237.559998,340.520079,119.026527,17.155052
2012-11-07,232.059998,333.227333,111.229703,15.683809
2012-11-08,227.350006,325.81974,108.674751,15.580069
2012-11-09,226.309998,331.184382,109.504406,15.664949
2012-11-12,226.470001,332.617967,110.532037,15.815845
2012-11-13,226.600006,329.196361,109.806097,15.580069
2012-11-14,222.949997,325.949612,107.703684,15.174534
2012-11-15,220.600006,323.307241,108.83503,15.334862
2012-11-16,225.229996,323.267275,109.212138,15.259414
2012-11-19,229.710007,333.771793,111.531394,15.580069
2012-11-20,233.779999,334.650911,111.333403,15.419741
2012-11-21,238.029999,332.602972,110.965717,15.325431
2012-11-23,239.880005,333.651927,113.426385,15.49519
2012-11-26,243.619995,330.245316,114.020344,15.664949
2012-11-27,243.399994,335.020545,111.635101,15.683809
2012-11-28,247.110001,341.494091,112.979533,15.919585
2012-11-29,251.270004,345.600006,112.411465,15.900724
2012-11-30,252.050003,348.836748,111.521487,15.910156
2012-12-03,250.330002,347.27831,112.099025,15.532913
2012-12-04,252.490005,345.170423,110.375881,15.664949
2012-12-05,253.960007,343.567031,110.896607,16.013896
2012-12-06,253.369995,345.220364,110.962882,15.787551
2012-12-07,253.270004,341.763812,110.366411,16.004465
2012-12-10,247.770004,342.368221,110.782998,16.04219
2012-12-11,250.690002,348.092491,112.534544,16.740086
2012-12-12,251.759995,348.432167,111.805517,16.692931
2012-12-13,251.25,350.999595,112.193701,16.78724
2012-12-14,249.190002,350.62996,113.007935,17.023016
2012-12-17,253.860001,360.030593,116.918143,17.475707
2012-12-18,260.399994,360.17543,120.97037,18.032138
2012-12-19,257.98999,359.695936,120.478047,18.003845
2012-12-20,261.5,360.819804,122.8166,18.173604
2012-12-21,256.920013,357.458146,121.60472,17.843517
2012-12-24,258.619995,354.396199,120.752614,17.871811
2012-12-26,248.630005,354.081525,120.39284,17.805792
2012-12-27,248.309998,352.792807,119.928911,17.702052
2012-12-28,245.179993,349.655948,118.84011,17.560587
2012-12-31,250.869995,353.337268,120.771547,18.032138
2013-01-02,257.309998,361.264351,124.65336,18.50369
2013-01-03,258.480011,361.474154,123.971675,18.465965
2013-01-04,259.149994,368.617014,127.351681,19.041259
2013-01-07,268.459991,367.008634,127.114985,18.673447
2013-01-08,266.380005,366.284329,125.969387,18.531982
2013-01-09,266.350006,368.691926,127.171804,18.50369
2013-01-10,265.339996,370.370261,130.059479,19.182724
2013-01-11,267.940002,369.626004,129.83226,19.022396
2013-01-14,272.730011,361.264351,128.885478,18.928086
2013-01-15,271.899994,362.103533,128.374207,19.267603
2013-01-16,268.929993,357.238367,133.58151,19.371345
2013-01-17,270.480011,355.305306,133.505766,19.569396
2013-01-18,272.119995,351.903714,136.762699,21.106654
2013-01-22,270.190002,351.084514,138.182872,21.672516
2013-01-23,268.109985,370.380268,137.813628,21.380155
2013-01-24,273.459991,376.728929,137.245567,21.314138
2013-01-25,283.98999,376.459178,136.772176,21.408449
2013-01-28,276.040009,374.990647,136.478661,21.040637
2013-01-29,260.350006,376.464197,139.271681,21.304707
2013-01-30,272.76001,376.539109,139.319008,21.672516
2013-01-31,265.5,377.468168,139.99123,21.549914
2013-02-01,265.0,387.413261,141.92266,22.220986
2013-02-04,259.980011,379.131508,139.669328,21.625527
2013-02-05,266.890015,382.488177,142.443393,22.117016
2013-02-06,262.220001,384.700966,143.077735,22.107564
2013-02-07,260.230011,386.589073,142.263502,21.833466
2013-02-08,261.950012,392.293391,143.532201,22.041403
2013-02-11,257.209991,390.819841,144.138141,22.003597
2013-02-12,258.700012,389.960707,145.908619,22.334405
2013-02-13,269.470001,391.039621,146.296804,22.334405
2013-02-14,269.23999,393.517173,147.631756,22.52344
2013-02-15,265.089996,396.049623,146.741792,22.561248
2013-02-19,269.75,403.022676,150.207005,22.986574
2013-02-20,266.410004,395.834832,146.921669,22.13592
2013-02-21,265.940002,397.3683,142.850517,21.578269
2013-02-22,265.420013,399.456234,145.88968,22.287148
2013-02-25,259.869995,394.990692,139.792399,20.822132
2013-02-26,259.359985,394.670999,140.599901,21.209652
2013-02-27,263.25,399.491181,144.067393,21.644431
2013-02-28,264.269989,400.200491,142.271895,21.31362
2013-03-01,265.73999,402.693007,143.003398,21.2002
2013-03-04,273.109985,410.340363,144.570891,21.36088
2013-03-05,275.589996,418.88183,145.311904,21.493203
2013-03-06,273.790009,415.275422,146.423402,21.653882
2013-03-07,273.880005,415.884819,148.788891,21.946885
2013-03-08,274.190002,415.345377,145.330894,21.767304
2013-03-11,271.23999,416.993723,145.634901,21.833466
2013-03-12,274.130005,413.392303,144.257404,21.427041
2013-03-13,275.100006,412.243465,144.314402,21.531011
2013-03-14,265.73999,410.360345,146.318901,21.549913
2013-03-15,261.820007,406.743962,147.097893,22.296599
2013-03-18,257.890015,403.492194,144.352396,21.729496
2013-03-19,256.410004,405.255448,141.397897,21.162393
2013-03-20,257.279999,406.948746,142.623404,21.493203
2013-03-21,253.389999,405.225458,138.110908,20.850486
2013-03-22,257.75,404.750953,139.269908,20.963908
2013-03-25,256.019989,404.416265,138.804403,20.765421
2013-03-26,260.309998,405.804896,139.212896,21.001714
2013-03-27,265.299988,400.929754,140.447898,21.067877
2013-03-28,266.48999,396.698985,139.792396,20.774873
2013-04-01,261.609985,400.195503,138.737896,20.472418
2013-04-02,263.320007,406.114582,139.345895,20.510226
2013-04-03,259.029999,402.697995,136.239408,19.952574
2013-04-04,259.079987,397.138544,135.84041,20.160511
2013-04-05,255.479996,391.134546,136.505406,20.3779
2013-04-08,258.950012,387.038638,136.628911,20.548032
2013-04-09,261.140015,388.437215,139.193906,20.548032
2013-04-10,264.769989,394.69597,141.986907,21.001714
2013-04-11,269.850006,394.800871,141.616407,21.048973
2013-04-12,272.869995,394.631034,141.663896,20.623645
2013-04-15,267.720001,390.575091,139.136909,20.302287
2013-04-16,272.339996,396.289386,136.89491,20.652001
2013-04-17,267.399994,390.889796,133.569912,20.292835
2013-04-18,259.420013,382.573096,131.669913,19.196436
2013-04-19,260.320007,399.536135,131.783909,19.451633
2013-04-22,263.549988,399.656031,132.543911,19.574504
2013-04-23,268.899994,403.547154,135.792907,20.42516
2013-04-24,268.779999,406.319367,136.733397,20.273933
2013-04-25,274.700012,404.146544,137.521898,20.255029
2013-04-26,254.809998,400.310381,136.904404,20.273975
2013-04-29,249.740005,409.121569,137.854404,21.041354
2013-04-30,253.809998,411.87383,138.766409,20.984512
2013-05-01,248.229996,409.805909,135.479405,20.700298
2013-05-02,252.550003,414.391317,136.486402,21.117146
2013-05-03,258.049988,422.438296,138.101398,21.562415
2013-05-06,255.720001,430.345396,141.027398,22.055054
2013-05-07,257.730011,428.187537,141.853907,22.04558
2013-05-08,258.679993,436.379383,142.746894,22.424533
2013-05-09,260.160004,435.305427,141.112894,22.178213
2013-05-10,263.630005,439.676074,141.644906,22.680326
2013-05-13,264.51001,438.327439,142.148405,22.434007
2013-05-14,268.329987,443.107656,146.793901,22.992962
2013-05-15,266.559998,457.488302,147.829397,23.551918
2013-05-16,264.119995,451.484304,146.746398,23.28665
2013-05-17,269.899994,454.136651,150.270887,23.864554
2013-05-20,267.630005,453.81197,150.954888,23.750867
2013-05-21,268.859985,453.032735,152.693389,23.798237
2013-05-22,262.959991,444.266501,151.37289,23.400337
2013-05-23,261.799988,440.954815,149.539398,22.974014
2013-05-24,261.73999,436.22451,150.783895,23.068753
2013-05-28,267.290009,440.195564,153.147338,23.428757
2013-05-29,265.529999,433.722018,155.21535,23.665603
2013-05-30,266.829987,434.945799,156.625802,24.461404
2013-05-31,269.200012,435.175585,154.462485,24.537194
2013-06-03,266.880005,433.382372,155.872923,24.300349
2013-06-04,265.700012,429.121615,154.081275,24.12982
2013-06-05,267.170013,429.421325,150.86014,23.712973
2013-06-06,267.829987,431.88884,152.175272,24.072977
2013-06-07,276.869995,439.426336,158.207774,25.579315
2013-06-10,281.070007,444.666094,159.618226,25.721422
2013-06-11,274.779999,439.466301,155.634673,24.717197
2013-06-12,271.670013,435.555195,154.252823,24.224558
2013-06-13,275.790009,438.062675,158.026716,24.982465
2013-06-14,273.98999,437.083675,155.263003,24.470878
2013-06-17,278.059998,442.683092,156.397077,24.830882
2013-06-18,281.76001,449.860899,156.43519,24.935095
2013-06-19,278.160004,449.890888,153.96692,24.736145
2013-06-20,273.440002,441.928828,148.105966,23.826658
2013-06-21,273.359985,440.025726,147.000481,23.599286
2013-06-24,270.609985,434.461287,143.693565,23.116121
2013-06-25,272.089996,432.668074,145.866407,23.712973
2013-06-26,277.570007,436.389359,144.532211,23.570864
2013-06-27,277.549988,438.097653,146.295255,23.722447
2013-06-28,277.690002,439.745998,144.141477,23.144543
2013-07-01,282.100006,443.497273,144.617977,23.296124
2013-07-02,283.730011,440.715053,143.826985,23.154017
2013-07-03,284.029999,442.772999,143.360009,22.775065
2013-07-05,285.880005,446.299475,146.037955,23.277176
2013-07-08,290.589996,452.09367,146.581158,23.570864
2013-07-09,291.529999,452.168613,149.564058,24.101399
2013-07-10,292.329987,452.543235,148.506225,24.006661
2013-07-11,299.660004,459.661125,150.297873,24.20561
2013-07-12,307.549988,461.039749,152.585071,24.755092
2013-07-15,306.570007,461.88392,155.339244,25.285627
2013-07-16,306.869995,459.34645,152.708965,24.991937
2013-07-17,308.690002,458.816985,153.909742,25.14352
2013-07-18,304.109985,454.885896,156.349424,26.242483
2013-07-19,305.230011,447.852926,156.635327,26.147744
2013-07-22,303.480011,454.895872,158.436499,26.157219
2013-07-23,301.059998,451.449326,158.446024,26.346694
2013-07-24,298.940002,450.999761,157.283361,26.270903
2013-07-25,303.399994,443.407366,158.112482,26.299325
2013-07-26,312.01001,442.233526,157.493023,26.242483
2013-07-29,306.100006,440.695071,155.501253,25.919789
2013-07-30,302.410004,445.015746,154.796027,25.692006
2013-07-31,301.220001,443.432337,156.320835,25.824879
2013-08-01,305.570007,451.65913,159.618226,26.498738
2013-08-02,304.209991,452.832939,159.742107,26.432301
2013-08-05,300.98999,452.048716,160.409219,26.432301
2013-08-06,300.75,447.837931,157.035586,25.919789
2013-08-07,296.910004,444.880885,155.768092,25.692006
2013-08-08,295.73999,445.884887,155.186761,25.549643
2013-08-09,297.26001,444.760989,154.510138,25.397787
2013-08-12,296.690002,442.313457,154.090815,25.264915
2013-08-13,293.970001,440.185557,156.015882,25.587605
2013-08-14,291.339996,434.471263,155.663261,25.426261
2013-08-15,286.470001,429.401342,153.194991,25.01815
2013-08-16,284.820007,428.027706,153.109224,25.122549
2013-08-19,285.570007,432.393335,151.174632,24.496146
2013-08-20,287.089996,432.278457,152.060917,24.970694
2013-08-21,284.570007,434.231501,149.726066,24.685966
2013-08-22,289.730011,436.419318,151.917972,24.885275
2013-08-23,290.01001,434.67109,151.193682,24.980185
2013-08-26,286.209991,432.762969,150.478931,25.03713
2013-08-27,280.929993,424.651084,146.028416,24.154473
2013-08-28,281.579987,423.851867,146.257889,24.277855
2013-08-29,283.980011,427.288437,146.888933,24.591056
2013-08-30,280.980011,423.02771,145.454751,24.448692
2013-09-03,288.799988,429.76097,147.96934,24.932731
2013-09-04,293.640015,435.38037,148.90635,25.160514
2013-09-05,294.100006,439.341417,149.317475,25.293386
2013-09-06,295.859985,439.351393,149.78598,25.445242
2013-09-09,299.709991,443.582192,152.491805,26.043173
2013-09-10,300.359985,443.891878,157.893885,26.61263
2013-09-11,299.640015,447.64811,157.817393,26.811939
2013-09-12,298.859985,446.084684,156.182434,26.593648
2013-09-13,297.920013,444.091675,156.803907,26.698047
2013-09-16,296.059998,443.437325,159.700954,27.267504
2013-09-17,304.170013,442.613137,160.073841,27.533252
2013-09-18,312.029999,451.209564,160.685758,27.542743
2013-09-19,312.059998,448.747038,160.418045,27.144123
2013-09-20,316.339996,451.104663,162.301605,26.754994
2013-09-23,311.48999,442.807945,157.999059,25.83437
2013-09-24,314.130005,442.977783,155.819103,25.881826
2013-09-25,312.649994,438.177584,155.18806,25.83437
2013-09-26,318.119995,438.647101,155.168933,25.767934
2013-09-27,316.01001,437.758008,152.836009,25.701498
2013-09-30,312.640015,437.518246,151.267971,25.578116
2013-10-01,320.950012,443.057714,152.0233,25.758443
2013-10-02,320.51001,443.552202,151.707778,25.739462
2013-10-03,314.76001,437.608153,149.967645,25.483206
2013-10-04,319.040009,435.739997,149.680806,25.616079
2013-10-07,310.029999,432.438319,147.481724,25.473715
2013-10-08,303.230011,426.409319,146.334381,25.198477
2013-10-09,298.230011,427.503228,147.663389,25.407279
2013-10-10,305.170013,433.687071,151.076735,26.23299
2013-10-11,310.890015,435.560183,152.979422,26.527211
2013-10-14,310.700012,437.618129,152.463122,26.745503
2013-10-15,306.399994,440.565198,150.713419,26.565174
2013-10-16,310.48999,448.567193,155.130695,27.172594
2013-10-17,310.769989,443.951796,151.373145,27.457324
2013-10-18,328.929993,505.200653,151.726905,28.178637
2013-10-21,326.440002,501.149699,152.759518,27.931872
2013-10-22,332.540009,502.997872,152.262331,27.960343
2013-10-23,326.76001,515.1907,150.818593,27.599688
2013-10-24,332.209991,512.263613,152.941183,27.893907
2013-10-25,363.390015,507.09378,154.977712,27.742052
2013-10-28,358.160004,506.993866,154.365795,27.495287
2013-10-29,362.700012,517.603255,154.996838,27.913613
2013-10-30,361.079987,514.696181,154.939473,27.675929
2013-10-31,364.029999,514.776112,153.801687,27.314648
2013-11-01,359.0,513.00787,154.939473,27.761495
2013-11-04,358.73999,512.543341,156.000769,27.894597
2013-11-05,358.890015,510.250622,154.843855,27.561839
2013-11-06,356.179993,510.865006,156.344973,27.694942
2013-11-07,343.559998,503.472377,152.635217,27.30514
2013-11-08,350.309998,507.508367,156.010325,27.989671
2013-11-11,354.380005,504.791084,156.650924,28.60765
2013-11-12,349.529999,505.385486,155.742612,28.293907
2013-11-13,356.220001,515.720166,155.790421,28.569619
2013-11-14,367.399994,517.09876,156.039007,28.845334
2013-11-15,369.170013,516.264626,157.18635,28.807303
2013-11-18,366.179993,515.260594,158.410184,28.835826
2013-11-19,364.940002,512.088788,159.289829,28.845334
2013-11-20,362.570007,510.645227,157.760029,28.778782
2013-11-21,368.920013,516.519352,159.739207,29.368238
2013-11-22,372.309998,515.430432,160.724011,29.79607
2013-11-25,376.640015,522.443481,162.043448,29.986218
2013-11-26,381.369995,528.677234,160.666631,29.843606
2013-11-27,386.709991,531.024914,161.366897,29.862621
2013-11-29,393.619995,529.266617,162.057566,29.758039
2013-12-02,392.299988,526.714214,162.805788,29.881636
2013-12-03,384.660004,526.104818,161.203824,29.444297
2013-12-04,385.959991,528.562356,161.827338,29.596414
2013-12-05,384.48999,528.14275,158.815259,28.721737
2013-12-06,386.950012,534.401535,160.398048,28.959421
2013-12-09,384.890015,538.53242,160.8393,28.89287
2013-12-10,387.779999,541.789145,162.815376,29.25415
2013-12-11,382.190002,538.107795,160.772159,28.636172
2013-12-12,381.25,534.446458,161.472416,28.978436
2013-12-13,384.23999,529.866038,161.529969,29.558386
2013-12-16,388.970001,535.954985,163.985675,29.39676
2013-12-17,387.649994,534.396516,163.544423,29.016466
2013-12-18,395.959991,541.834068,167.7172,30.062276
2013-12-19,395.190002,542.56838,167.65006,29.339717
2013-12-20,402.200012,549.761182,168.024171,29.406268
2013-12-23,402.920013,556.993949,169.2808,29.577401
2013-12-24,399.200012,555.365586,168.983432,29.482327
2013-12-26,404.390015,558.172777,169.261611,29.567893
2013-12-27,398.079987,558.642325,169.165694,29.529863
2013-12-30,393.369995,554.176782,168.570942,29.330209
2013-12-31,398.790009,559.796182,170.03861,29.815085
2014-01-02,397.970001,556.004972,169.683688,29.501342
2014-01-03,396.440002,551.948999,170.892352,29.957695
2014-01-06,393.630005,558.102883,172.062652,30.062276
2014-01-07,398.029999,568.862096,171.026648,29.967202
2014-01-08,401.920013,570.045943,171.170546,30.005231
2014-01-09,401.01001,564.556416,170.172906,29.995723
2014-01-10,397.660004,564.526426,171.12258,29.758039
2014-01-13,390.980011,560.930026,168.71484,29.349224
2014-01-14,397.540009,574.126886,169.405509,29.567893
2014-01-15,395.869995,573.737269,171.467914,30.632718
2014-01-16,395.799988,577.533436,168.033758,30.423555
2014-01-17,399.609985,574.691299,169.098538,31.754587
2014-01-21,407.049988,581.269747,166.144013,31.02252
2014-01-22,404.540009,581.929085,166.604454,30.69927
2014-01-23,399.869995,579.471546,163.793826,29.929172
2014-01-24,387.600006,561.35459,160.810523,28.949915
2014-01-27,386.279999,550.065849,157.980706,28.49356
2014-01-28,394.429993,560.94502,159.477151,28.645678
2014-01-29,384.200012,552.908048,157.222882,28.512355
2014-01-30,403.01001,567.128832,159.083851,28.550447
2014-01-31,358.690002,589.896102,157.43392,28.102859
2014-02-03,346.149994,566.149832,153.30911,27.569562
2014-02-04,347.950012,568.512445,155.170064,27.636224
2014-02-05,346.450012,571.029962,153.884657,27.788595
2014-02-06,354.589996,579.401591,155.160476,28.274276
2014-02-07,361.079987,588.132849,155.333136,28.274276
2014-02-10,360.869995,585.880095,154.441031,28.2838
2014-02-11,361.790009,594.496536,157.692925,28.82662
2014-02-12,349.25,592.753234,156.839183,28.721864
2014-02-13,357.200012,599.351695,157.376367,28.483785
2014-02-14,357.350006,600.800244,157.050222,28.274276
2014-02-18,353.649994,604.836204,157.942328,28.150474
2014-02-19,347.380005,600.570489,156.608955,27.579084
2014-02-20,349.799988,601.454563,157.798444,27.931442
2014-02-21,346.76001,601.294763,157.798444,28.207614
2014-02-24,351.779999,605.650385,159.75533,28.864711
2014-02-25,358.320007,609.391653,156.819994,28.293321
2014-02-26,359.799988,609.476541,156.694873,28.512355
2014-02-27,360.130005,608.997078,159.178123,28.912328
2014-02-28,362.100006,607.21883,160.207989,29.331346
2014-03-03,359.779999,600.745284,158.562124,28.817096
2014-03-04,363.899994,606.849165,162.402486,29.617042
2014-03-05,372.369995,608.522511,165.453607,30.445557
2014-03-06,372.160004,609.196844,166.127368,30.321756
2014-03-07,372.059998,606.789247,167.725106,30.674112
2014-03-10,370.529999,605.180837,167.003231,30.597929
2014-03-11,368.820007,599.396618,163.518989,30.188433
2014-03-12,370.640015,603.047979,163.355366,29.94083
2014-03-13,371.51001,593.937081,160.448614,29.94083
2014-03-14,373.73999,585.81522,159.149249,29.617042
2014-03-17,375.040009,595.455584,160.583363,29.874168
2014-03-18,378.769989,605.025994,161.786487,30.140816
2014-03-19,373.230011,599.027014,161.873109,30.293186
2014-03-20,368.970001,597.983016,162.874116,31.226458
2014-03-21,360.619995,590.930063,160.689239,31.045515
2014-03-24,351.850006,578.387583,159.505369,30.893145
2014-03-25,354.709991,578.782219,157.127995,30.083677
2014-03-26,343.410004,565.420539,155.664992,29.731319
2014-03-27,338.470001,558.462551,156.203989,29.426578
2014-03-28,338.290009,559.992565,156.213623,29.436102
2014-03-31,336.369995,556.972503,157.7055,29.683704
2014-04-01,342.98999,567.162558,159.697866,29.721796
2014-04-02,341.959991,567.002574,160.997246,29.91226
2014-04-03,333.619995,569.742571,159.861489,29.474195
2014-04-04,323.0,543.14246,157.118375,28.921852
2014-04-07,317.76001,538.152456,152.613871,28.112382
2014-04-08,327.070007,554.902495,150.688873,28.121906
2014-04-09,331.809998,564.142557,152.228877,28.779003
2014-04-10,317.109985,540.952433,150.130621,27.855257
2014-04-11,311.730011,530.602392,146.992879,27.112449
2014-04-14,315.910004,532.522392,148.937132,27.674316
2014-04-15,316.079987,536.442444,149.110375,28.140951
2014-04-16,323.679993,556.54249,151.324126,28.464738
2014-04-17,324.910004,536.1024,151.535877,29.293255
2014-04-21,330.869995,528.622414,151.882377,29.502764
2014-04-22,329.320007,534.812425,154.442628,29.712274
2014-04-23,324.579987,526.942391,154.432994,29.559904
2014-04-24,337.149994,525.162363,154.818002,29.464672
2014-04-25,303.829987,516.182352,152.305879,29.121837
2014-04-28,296.579987,517.152359,150.669619,28.65367
2014-04-29,300.380005,527.70241,152.305879,29.160054
2014-04-30,304.130005,526.662388,153.826629,29.551785
2014-05-01,307.890015,531.352435,154.355992,29.828862
2014-05-02,308.01001,527.932411,152.921878,29.322479
2014-05-05,310.049988,527.812392,150.486756,28.730105
2014-05-06,297.380005,515.14233,148.74462,28.147286
2014-05-07,292.709991,509.962321,149.68788,28.376593
2014-05-08,288.320007,511.002313,151.497368,28.367038
2014-05-09,292.23999,518.732375,151.304872,28.357484
2014-05-12,302.859985,529.922427,153.566751,28.97852
2014-05-13,304.640015,533.092437,154.269371,28.97852
2014-05-14,297.619995,526.652412,153.470495,28.902085
2014-05-15,295.190002,519.982324,150.765874,28.443474
2014-05-16,297.700012,520.632362,150.563743,28.796986
2014-05-19,296.76001,528.862391,151.757247,28.816095
2014-05-20,301.190002,529.772418,150.486756,28.386146
2014-05-21,305.01001,538.942465,153.374254,28.672779
2014-05-22,304.910004,545.062459,153.855503,29.035846
2014-05-23,312.23999,552.702492,154.153876,29.13139
2014-05-27,310.820007,565.952575,155.7035,29.733319
2014-05-28,310.160004,561.682564,155.674526,29.551785
2014-05-29,313.779999,560.082534,155.239926,29.742872
2014-05-30,312.549988,559.892559,154.341741,29.484904
2014-06-02,308.839996,553.932488,154.554214,29.523121
2014-06-03,307.190002,544.94244,156.263654,29.47535
2014-06-04,306.779999,544.662436,156.833462,29.809754
2014-06-05,323.570007,553.902499,157.016963,30.220592
2014-06-06,329.670013,556.332503,160.50344,30.526335
2014-06-09,327.5,562.122552,160.319938,30.554997
2014-06-10,332.410004,560.552511,160.667621,30.650543
2014-06-11,335.200012,558.842499,159.769435,30.27792
2014-06-12,325.910004,551.352476,160.281314,30.316137
2014-06-13,326.269989,551.762475,160.213702,30.182376
2014-06-16,327.619995,544.282488,160.175077,30.297028
2014-06-17,325.619995,543.012465,162.463977,31.051827
2014-06-18,334.380005,553.372481,164.04786,31.204697
2014-06-19,327.0,554.902495,163.922304,31.090045
2014-06-20,324.200012,556.362492,164.028541,30.851185
2014-06-23,327.23999,564.952579,164.414863,31.070936
2014-06-24,324.160004,564.622572,162.47363,30.602768
2014-06-25,327.440002,578.652627,162.618506,30.793857
2014-06-26,325.690002,576.002598,162.261156,30.469007
2014-06-27,324.570007,577.242632,161.073248,30.144157
2014-06-30,324.779999,575.282606,161.710668,30.889403
2014-07-01,332.390015,582.672624,161.10222,30.879847
2014-07-02,332.850006,582.33766,161.179484,31.042274
2014-07-03,337.48999,584.732656,163.661553,31.166479
2014-07-07,333.549988,582.252649,162.039031,30.946728
2014-07-08,323.809998,571.092587,159.267239,30.335246
2014-07-09,329.970001,576.08259,159.035446,30.583659
2014-07-10,327.920013,571.102563,157.828217,30.268365
2014-07-11,346.200012,579.182645,159.161002,30.010396
2014-07-14,355.320007,584.872627,161.285721,30.392572
2014-07-15,354.440002,584.782659,163.381468,30.574106
2014-07-16,355.899994,582.662648,164.636989,31.051827
2014-07-17,352.450012,573.732579,164.318278,30.860738
2014-07-18,358.660004,595.082696,165.602771,31.185588
2014-07-21,359.76001,589.472645,165.844217,31.099598
2014-07-22,360.839996,594.742713,169.031303,31.443557
2014-07-23,358.140015,595.982686,170.769715,31.86395
2014-07-24,358.609985,593.352671,170.228864,31.911725
2014-07-25,324.01001,589.022681,169.39829,31.758854
2014-07-28,320.410004,590.602697,169.929474,31.596428
2014-07-29,320.0,585.612633,169.533499,31.289761
2014-07-30,322.51001,587.42265,169.745973,31.951014
2014-07-31,312.98999,571.602592,166.954861,30.992675
2014-08-01,307.059998,566.072533,164.424515,30.283504
2014-08-04,313.649994,573.152619,165.815245,30.503922
2014-08-05,312.320007,565.072537,163.622914,30.10142
2014-08-06,313.890015,566.376589,163.931971,30.24517
2014-08-07,311.450012,563.362525,163.313871,30.053503
2014-08-08,316.799988,568.772565,166.365733,30.618923
2014-08-11,318.329987,567.882551,166.558902,30.743508
2014-08-12,319.320007,562.732562,166.433345,30.676421
2014-08-13,326.279999,574.782577,166.47197,30.686007
2014-08-14,333.209991,574.652582,166.819652,30.829755
2014-08-15,333.630005,573.482626,166.018051,30.877675
2014-08-18,334.529999,582.162619,168.577384,31.251427
2014-08-19,335.130005,586.862643,168.007576,31.174758
2014-08-20,335.779999,584.492618,168.075173,31.184343
2014-08-21,332.910004,583.372664,169.156845,31.653927
2014-08-22,331.589996,582.562642,169.465902,32.075599
2014-08-25,334.019989,580.202654,171.783775,32.775186
2014-08-26,341.829987,577.862619,171.812747,32.966854
2014-08-27,343.179993,571.002557,172.258395,32.708102
2014-08-28,340.019989,569.202577,172.103387,32.641019
2014-08-29,339.040009,571.602592,173.517809,32.880603
2014-09-02,342.380005,577.332601,174.157206,33.110603
2014-09-03,339.0,577.942611,173.992516,33.120188
2014-09-04,345.950012,581.982621,174.457525,33.254355
2014-09-05,346.380005,586.082672,174.137827,33.187272
2014-09-08,342.339996,589.722659,174.486587,33.407689
2014-09-09,329.75,581.012615,171.861193,32.497266
2014-09-10,331.329987,583.102636,174.254075,32.899771
2014-09-11,330.519989,581.352659,175.348799,33.283104
2014-09-12,331.190002,575.622589,177.451045,33.551438
2014-09-15,323.890015,573.102616,178.235753,33.743106
2014-09-16,327.76001,579.95264,178.293877,33.647274
2014-09-17,324.0,584.772622,179.049538,34.078527
2014-09-18,325.0,589.272695,182.023678,34.62478
2014-09-19,331.320007,596.082692,180.386441,34.270192
2014-09-22,324.5,587.372648,179.50485,33.714357
2014-09-23,323.630005,581.132634,179.311097,33.561023
2014-09-24,328.209991,587.992634,181.946174,33.522689
2014-09-25,321.929993,575.062581,178.342319,32.794353
2014-09-26,323.209991,577.1026,179.340159,33.206439
2014-09-29,321.820007,576.362594,178.090442,33.062686
2014-09-30,322.440002,577.36259,177.838565,33.12977
2014-10-01,317.459991,568.272597,175.058163,32.545183
2014-10-02,318.410004,570.082554,177.170106,32.851851
2014-10-03,322.73999,575.282606,182.198066,33.589772
2014-10-06,322.200012,577.352614,181.626476,33.532274
2014-10-07,316.980011,563.742534,178.06138,32.602684
2014-10-08,322.700012,572.502582,180.812706,33.062686
2014-10-09,315.369995,560.882518,175.610373,31.912679
2014-10-10,311.390015,544.492476,174.748161,31.567677
2014-10-13,306.450012,533.212394,173.188428,31.481426
2014-10-14,308.309998,537.942408,173.120607,31.63476
2014-10-15,305.970001,530.032409,171.706199,31.251427
2014-10-16,302.859985,524.512387,167.191691,31.174758
2014-10-17,303.640015,511.172305,171.386501,31.836014
2014-10-20,306.209991,520.842349,172.287457,31.931846
2014-10-21,315.329987,526.542369,174.554394,32.641019
2014-10-22,312.970001,532.712427,171.308997,32.037264
2014-10-23,313.179993,543.982471,174.438145,32.545183
2014-10-24,287.059998,539.782415,177.625433,32.890185
2014-10-27,289.970001,540.772435,178.167946,32.545183
2014-10-28,295.589996,548.902458,180.502704,32.92852
2014-10-29,294.119995,549.33247,180.270192,33.053466
2014-10-30,299.070007,550.312514,181.132404,33.178415
2014-10-31,305.459991,559.082538,184.058118,33.591703
2014-11-03,305.720001,555.222525,184.871887,33.361029
2014-11-04,302.809998,554.112486,184.329374,33.312973
2014-11-05,296.519989,545.922484,183.912792,33.543647
2014-11-06,296.640015,542.042458,185.036578,33.937713
2014-11-07,299.859985,541.012473,184.755639,34.274109
2014-11-10,305.109985,547.492463,185.811603,34.48556
2014-11-11,312.01001,550.292501,185.889107,34.399058
2014-11-12,311.51001,547.312465,184.242173,34.572062
2014-11-13,316.480011,545.38249,184.300312,34.447114
2014-11-14,327.820007,544.402446,184.04842,34.302942
2014-11-17,323.049988,536.512399,183.999978,34.21644
2014-11-18,324.929993,535.032449,183.719039,34.091495
2014-11-19,326.540009,536.992415,183.283092,34.101104
2014-11-20,330.540009,534.832438,183.825606,34.014602
2014-11-21,332.630005,537.502419,183.670598,34.14916
2014-11-24,335.640015,539.272471,184.135622,34.235663
2014-11-25,335.040009,541.082428,182.963394,33.928099
2014-11-26,333.570007,540.372473,182.634013,33.755095
2014-11-28,338.640015,541.832471,183.110222,33.812764
2014-12-01,326.0,533.802391,182.906123,33.735872
2014-12-02,326.309998,533.752389,184.840151,34.379835
2014-12-03,316.5,531.322384,185.578768,35.100687
2014-12-04,316.929993,537.312445,186.550639,35.360194
2014-12-05,312.630005,525.262369,189.952188,35.792706
2014-12-08,306.640015,526.982357,191.089275,36.523167
2014-12-09,312.5,533.37244,191.351684,36.61928
2014-12-10,305.839996,526.062353,186.599236,35.936874
2014-12-11,307.359985,528.34241,188.09591,35.946487
2014-12-12,307.320007,518.662359,183.508693,34.841179
2014-12-15,306.070007,513.802351,180.320942,34.533616
2014-12-16,295.059998,495.392242,178.153674,34.139551
2014-12-17,298.880005,504.892295,179.825293,35.302524
2014-12-18,297.730011,511.102319,186.220206,36.61928
2014-12-19,299.899994,516.352313,187.843229,37.013345
2014-12-22,306.540009,524.872383,188.970603,37.071015
2014-12-23,306.290009,530.592416,190.000784,37.436247
2014-12-24,303.029999,528.772422,190.379813,37.301689
2014-12-26,309.089996,534.032392,189.952188,37.215186
2014-12-29,312.040009,530.332426,190.671377,37.445857
2014-12-30,310.299988,530.422394,190.204884,37.484303
2014-12-31,310.350006,526.402397,188.377761,37.292075
2015-01-02,308.519989,524.812404,188.941448,37.205573
2015-01-05,302.190002,513.872306,183.042184,36.042599
2015-01-06,295.290009,501.962262,179.339358,35.004571
2015-01-07,298.420013,501.102268,182.012003,35.504362
2015-01-08,300.459991,502.682285,184.917903,36.03299
2015-01-09,296.929993,496.172244,182.080041,35.446696
2015-01-12,291.410004,492.552239,179.864176,34.956515
2015-01-13,294.73999,496.182251,179.7281,34.629728
2015-01-14,293.269989,500.872267,175.160309,33.841597
2015-01-15,286.950012,501.792271,173.469263,33.236084
2015-01-16,290.73999,508.082288,172.244696,33.534034
2015-01-20,289.440002,506.902294,170.689712,33.399475
2015-01-21,297.25,518.042373,172.166945,33.380252
2015-01-22,310.320007,534.392388,176.919394,34.14916
2015-01-23,312.390015,539.952437,175.413005,33.783931
2015-01-26,309.660004,535.212448,175.344967,33.745485
2015-01-27,306.75,518.63237,171.525521,33.312973
2015-01-28,303.910004,510.002318,168.182283,32.55148
2015-01-29,311.779999,510.6623,171.039586,33.129829
2015-01-30,354.529999,534.522445,167.560286,32.590038
2015-02-02,364.470001,528.482381,170.55365,33.178024
2015-02-03,363.549988,529.2424,175.170038,33.775655
2015-02-04,364.75,522.762349,173.751099,33.515397
2015-02-05,373.890015,527.582391,175.685128,33.669624
2015-02-06,374.279999,531.002415,178.270294,34.498593
2015-02-09,370.559998,527.832406,177.094338,34.344366
2015-02-10,373.0,536.942412,179.368513,34.855241
2015-02-11,375.140015,535.972405,182.371591,35.057663
2015-02-12,377.170013,542.932472,184.441681,35.568542
2015-02-13,381.829987,549.012501,183.683622,35.452869
2015-02-17,375.429993,542.842443,184.674935,35.587817
2015-02-18,373.369995,539.702422,183.362903,35.057663
2015-02-19,379.0,542.872432,183.790529,35.019109
2015-02-20,383.660004,538.952441,186.123013,35.414315
2015-02-23,380.140015,531.912381,184.956771,34.961273
2015-02-24,378.589996,536.092424,186.813048,35.414315
2015-02-25,385.369995,543.872489,186.327113,35.269726
2015-02-26,384.799988,555.482516,187.380029,34.758851
2015-02-27,380.160004,558.402511,185.030463,34.498593
2015-03-02,385.660004,571.342601,186.980307,34.932356
2015-03-03,384.609985,573.64261,186.473358,34.527509
2015-03-04,382.720001,573.372583,184.913477,33.82385
2015-03-05,387.829987,575.332609,185.313198,34.238335
2015-03-06,380.089996,567.687558,182.222697,34.247973
2015-03-09,378.559998,568.852557,183.217107,34.38292
2015-03-10,369.51001,555.012538,178.128027,33.621429
2015-03-11,366.369995,551.182515,179.561149,33.688903
2015-03-12,374.23999,555.512505,185.186454,35.751685
2015-03-13,370.579987,547.322503,184.591751,35.038384
2015-03-16,373.350006,554.512509,187.087549,35.404674
2015-03-17,371.920013,550.842471,185.790916,35.231168
2015-03-18,375.140015,559.502513,187.497029,35.404674
2015-03-19,373.23999,557.992512,185.205956,34.807046
2015-03-20,378.48999,560.362537,188.286714,35.182973
2015-03-23,375.109985,558.81251,187.146057,34.99983
2015-03-24,374.089996,570.192597,186.483102,34.932356
2015-03-25,370.959991,558.787539,182.651665,34.170861
2015-03-26,367.350006,555.172522,182.544423,34.334725
2015-03-27,370.559998,548.342512,183.343852,34.537151
2015-03-30,374.589996,552.032502,186.229628,34.99983
2015-03-31,372.100006,548.002468,183.256112,34.402199
2015-04-01,370.26001,542.562439,187.409275,34.672098
2015-04-02,372.25,535.532417,186.746335,34.758851
2015-04-06,377.040009,536.767432,187.233796,34.614262
2015-04-07,374.410004,537.022404,187.565266,34.643178
2015-04-08,381.200012,541.612446,187.731001,34.951632
2015-04-09,383.540009,540.782472,190.002571,35.317921
2015-04-10,382.649994,540.012416,190.733763,34.932356
2015-04-13,382.359985,539.172466,190.67527,34.990189
2015-04-14,385.109985,530.392405,192.761603,35.510705
2015-04-15,383.450012,532.532429,196.056844,36.040859
2015-04-16,386.040009,533.802391,195.189164,36.011943
2015-04-17,375.559998,524.052386,192.400886,35.423953
2015-04-20,389.51001,535.382408,193.132078,35.626374
2015-04-21,391.179993,533.972413,191.903667,35.423953
2015-04-22,389.799988,539.367458,193.346562,35.857716
2015-04-23,389.98999,547.002472,194.311725,36.031221
2015-04-24,445.100006,565.062561,193.024836,36.011943
2015-04-27,438.559998,555.369995,191.591699,35.713127
2015-04-28,429.309998,553.679993,192.537375,35.848625
2015-04-29,429.369995,549.080017,193.580534,36.284152
2015-04-30,421.779999,537.340027,191.494201,36.109941
2015-05-01,422.869995,537.900024,192.576365,36.303505
2015-05-04,423.040009,540.780029,194.301982,36.690641
2015-05-05,421.190002,530.799988,192.342379,36.245437
2015-05-06,419.100006,524.219971,191.328466,35.858302
2015-05-07,426.880005,530.700012,192.439877,36.332543
2015-05-08,433.690002,538.219971,195.471885,36.671284
2015-05-11,432.850006,535.700012,196.671035,37.019705
2015-05-12,431.019989,529.039978,195.501132,36.506753
2015-05-13,426.869995,529.619995,196.378556,36.564821
2015-05-14,432.279999,538.400024,197.538715,36.913243
2015-05-15,426.0,533.849976,197.879944,36.632569
2015-05-18,425.23999,532.299988,199.527565,37.097134
2015-05-19,421.709991,537.359985,200.248998,37.445551
2015-05-20,423.859985,539.27002,199.93703,37.097134
2015-05-21,431.630005,542.51001,199.810286,36.816461
2015-05-22,427.630005,540.109985,202.58882,36.942276
2015-05-26,425.470001,532.320007,201.204432,36.574502
2015-05-27,431.420013,539.789978,203.817216,37.377803
2015-05-28,426.570007,539.780029,203.885666,37.484266
2015-05-29,429.230011,532.109985,201.646138,36.971314
2015-06-01,430.920013,533.98999,203.230433,37.339093
2015-06-02,430.98999,539.179993,201.88084,37.281021
2015-06-03,436.589996,540.309998,203.699851,37.755258
2015-06-04,430.779999,536.700012,204.267071,37.455232
2015-06-05,426.950012,533.330017,205.812254,38.026255
2015-06-08,423.5,526.830017,205.166795,37.832687
2015-06-09,425.480011,526.690002,204.413774,37.871401
2015-06-10,430.769989,536.690002,208.433202,38.606955
2015-06-11,432.970001,534.609985,209.225349,38.587597
2015-06-12,429.920013,532.330017,208.364737,38.335962
2015-06-15,423.670013,527.200012,207.093383,38.258533
2015-06-16,427.26001,528.150024,208.853719,38.461781
2015-06-17,427.809998,529.26001,208.237597,38.306928
2015-06-18,439.390015,536.72998,209.870808,38.510172
2015-06-19,434.920013,536.690002,208.491877,38.10368
2015-06-22,436.290009,538.190002,211.738706,38.56824
2015-06-23,445.98999,540.47998,213.587055,38.916662
2015-06-24,440.839996,537.840027,209.704542,38.364996
2015-06-25,440.100006,535.22998,208.130036,37.958507
2015-06-26,438.100006,531.690002,208.472314,38.229499
2015-06-29,429.859985,521.52002,203.073955,37.077777
2015-06-30,434.089996,520.51001,204.188832,37.542337
2015-07-01,437.390015,521.840027,205.313498,38.094003
2015-07-02,437.709991,523.400024,204.589801,37.745582
2015-07-06,436.040009,522.859985,203.45536,37.600405
2015-07-07,436.720001,525.02002,203.621627,37.377803
2015-07-08,429.700012,516.830017,199.563073,36.574502
2015-07-09,434.390015,520.679993,200.296545,36.874528
2015-07-10,443.51001,530.130005,202.624101,37.39716
2015-07-13,455.570007,546.549988,205.489525,38.055289
2015-07-14,465.570007,561.099976,207.484577,38.432744
2015-07-15,461.190002,560.219971,208.26695,38.423067
2015-07-16,475.480011,579.849976,206.526163,38.626312
2015-07-17,483.01001,672.929993,207.777969,38.906985
2015-07-20,488.100006,663.02002,207.709504,38.752131
2015-07-21,488.0,662.299988,206.839118,38.790846
2015-07-22,488.269989,662.099976,208.550553,39.236049
2015-07-23,482.179993,644.280029,206.399038,38.655346
2015-07-24,529.419983,623.559998,202.780579,38.326281
2015-07-27,531.409973,627.26001,200.501924,37.98754
2015-07-28,526.030029,628.0,201.695039,37.98754
2015-07-29,529.0,631.929993,202.281808,38.172137
2015-07-30,536.76001,632.590027,202.633875,38.181851
2015-07-31,536.150024,625.609985,200.550825,37.734939
2015-08-03,535.030029,631.210022,200.179194,37.657214
2015-08-04,531.900024,629.25,200.648612,37.812661
2015-08-05,537.01001,643.780029,201.166931,37.890387
2015-08-06,529.460022,642.679993,200.570373,37.822379
2015-08-07,522.619995,635.299988,198.956741,37.482338
2015-08-10,524.0,633.72998,201.430985,37.968112
2015-08-11,527.460022,660.780029,197.25508,36.841113
2015-08-12,525.909973,659.559998,196.697649,36.501072
2015-08-13,529.659973,656.450012,196.316244,36.675951
2015-08-14,531.52002,657.119995,197.568035,36.967415
2015-08-17,535.219971,660.869995,198.105918,37.054855
2015-08-18,535.02002,656.130005,196.746535,36.743959
2015-08-19,532.919983,660.900024,196.521608,36.37477
2015-08-20,515.780029,646.830017,192.414168,35.140903
2015-08-21,494.470001,612.47998,183.602729,33.236669
2015-08-24,463.369995,589.609985,175.505199,31.342149
2015-08-25,466.369995,582.059998,174.292519,30.856377
2015-08-26,500.769989,628.619995,180.336322,32.35256
2015-08-27,518.369995,637.609985,185.040335,33.324109
2015-08-28,518.01001,630.380005,184.245453,33.081222
2015-08-31,512.890015,618.25,185.079593,33.469842
2015-09-01,496.540009,597.789978,178.720538,32.177681
2015-09-02,510.549988,614.340027,181.065926,32.828621
2015-09-03,504.720001,606.25,181.605662,32.838334
2015-09-04,499.0,600.700012,177.013026,32.245689
2015-09-08,517.539978,614.659973,182.410363,33.294963
2015-09-09,516.890015,612.719971,182.214085,32.789758
2015-09-10,522.23999,621.349976,182.439802,32.906343
2015-09-11,529.440002,625.77002,181.811749,33.022931
2015-09-14,521.380005,623.23999,180.506573,32.848052
2015-09-15,522.369995,635.140015,183.95105,33.596145
2015-09-16,527.390015,635.97998,185.11884,33.635004
2015-09-17,538.869995,642.900024,182.969716,33.081222
2015-09-18,540.26001,629.25,177.562571,32.090242
2015-09-21,548.390015,635.440002,179.92759,32.391423
2015-09-22,538.400024,622.690002,176.365342,31.517028
2015-09-23,536.070007,622.359985,176.061131,31.400443
2015-09-24,533.75,625.799988,173.607796,31.060401
2015-09-25,524.25,611.969971,176.47329,31.274141
2015-09-28,504.059998,594.890015,169.790408,30.205439
2015-09-29,496.070007,594.969971,168.652057,30.127715
2015-09-30,511.890015,608.419983,170.516585,30.603774
2015-10-01,520.719971,611.289978,172.73441,30.603774
2015-10-02,532.539978,626.909973,173.705921,30.535766
2015-10-05,543.679993,641.469971,177.327046,31.371298
2015-10-06,537.47998,645.440002,176.954149,31.439306
2015-10-07,541.940002,642.359985,178.828485,31.993088
2015-10-08,533.159973,639.159973,177.690149,32.051383
2015-10-09,539.799988,643.609985,175.845237,31.789064
2015-10-12,550.190002,646.669983,176.865817,31.866786
2015-10-13,548.900024,652.299988,177.59201,31.682193
2015-10-14,544.830017,651.159973,176.159256,31.614185
2015-10-15,562.440002,661.73999,181.507538,32.653742
2015-10-16,570.76001,662.200012,181.723418,32.984068
2015-10-19,573.150024,666.099976,182.272977,31.400443
2015-10-20,560.880005,650.280029,182.04726,31.332435
2015-10-21,555.77002,642.609985,176.345712,30.584343
2015-10-22,563.909973,651.789978,180.133661,31.429589
2015-10-23,599.030029,702.0,182.037452,31.691907
2015-10-26,608.609985,712.780029,183.519261,31.623899
2015-10-27,611.01001,708.48999,182.83233,31.313004
2015-10-28,617.099976,712.950012,187.748823,32.640487
2015-10-29,626.549988,716.919983,186.345507,32.738098
2015-10-30,625.900024,710.809998,184.00012,32.181726
2015-11-02,628.349976,721.109985,186.13942,32.679531
2015-11-03,625.309998,722.159973,187.130577,32.494075
2015-11-04,640.950012,728.109985,188.07265,32.601446
2015-11-05,655.650024,731.25,188.435753,33.069969
2015-11-06,659.369995,733.76001,195.452285,34.563387
2015-11-09,655.48999,724.890015,193.087267,34.270561
2015-11-10,659.679993,728.320007,194.11767,34.397454
2015-11-11,673.25,735.400024,193.705512,34.182712
2015-11-12,665.599976,731.22998,189.171754,33.411599
2015-11-13,642.349976,717.0,186.836174,33.118773
2015-11-16,647.809998,728.960022,188.573139,33.235903
2015-11-17,643.299988,725.299988,187.012822,32.786902
2015-11-18,663.539978,740.0,190.04514,33.431122
2015-11-19,661.27002,738.409973,189.426895,33.353033
2015-11-20,668.450012,756.599976,187.896017,33.099251
2015-11-23,678.98999,755.97998,185.658576,32.835706
2015-11-24,671.150024,748.280029,185.148279,32.786902
2015-11-25,675.340027,748.150024,185.619315,32.806424
2015-11-27,673.26001,750.26001,186.914683,32.972358
2015-11-30,664.799988,742.599976,187.111627,33.479926
2015-12-01,679.059998,767.039978,190.114948,34.426735
2015-12-02,676.01001,762.380005,187.347944,34.05582
2015-12-03,666.25,752.539978,182.365393,33.626341
2015-12-04,672.640015,766.809998,187.082087,34.475539
2015-12-07,669.830017,763.25,182.650963,33.850841
2015-12-08,677.330017,762.369995,180.120291,33.245666
2015-12-09,664.789978,751.609985,177.944125,32.572161
2015-12-10,662.320007,749.460022,179.322691,32.620964
2015-12-11,640.150024,738.869995,173.857634,31.313006
2015-12-14,657.909973,747.77002,173.700079,31.117785
2015-12-15,658.640015,743.400024,179.224215,32.054833
2015-12-16,675.77002,758.090027,183.359944,32.806424
2015-12-17,670.650024,749.429993,179.815038,31.605832
2015-12-18,664.140015,739.309998,172.804019,30.541893
2015-12-21,664.51001,747.77002,175.029423,30.922568
2015-12-22,663.150024,750.0,177.294223,31.449658
2015-12-23,663.700012,750.309998,180.14983,31.82057
2015-12-24,662.789978,748.400024,179.677181,31.70344
2015-12-28,675.200012,762.51001,178.840185,31.40085
2015-12-29,693.969971,776.599976,180.720955,31.771766
2015-12-30,689.070007,771.0,179.224215,31.459417
2015-12-31,675.890015,758.880005,177.471461,31.049459
